Report Date,Logged On,Category,Daily,MTD,Search QTD,Discover QTD,Overall QTD,Proj Quarter,Quarter Target,Achv %,Remaining,Current RR,Required RR,Vs Last Qtr,Status,Category Owner
24 Aug 2026,2026-08-24,Over All,0,"15,890,533","48,425,466",0,"48,425,466","85,675,824","15,000,000",323%,0,"931,259",0,—,On Track,Category Owner
24 Aug 2026,2026-08-24,Railway Exams,0,"1,593,458","4,010,528","173,896","4,184,424","7,403,212","6,000,000",70%,"1,815,576","80,470","45,389",+148%,On Track,Nadeem
24 Aug 2026,2026-08-24,Teaching Exams,0,"755,903","2,068,958","92,055","2,161,013","3,823,331","5,500,000",39%,"3,338,987","41,558","83,475",+136%,Off Track,Shilpa
24 Aug 2026,2026-08-24,State Govt Exams,0,"639,871","1,976,253","53,238","2,029,491","3,590,638","5,500,000",37%,"3,470,509","39,029","86,763",+66%,Off Track,Archita
24 Aug 2026,2026-08-24,Defence Exams,0,"377,957","1,918,041","74,497","1,992,538","3,525,260","2,500,000",80%,"507,462","38,318","12,687",+188%,On Track,Atul
24 Aug 2026,2026-08-24,Engineering Recruitment Exams,0,"606,757","1,545,299","19,021","1,564,320","2,767,643","4,000,000",39%,"2,435,680","30,083","60,892",+372%,Off Track,Mohit
24 Aug 2026,2026-08-24,Police Exams,0,"552,419","1,526,152","9,330","1,535,482","2,716,622","3,500,000",44%,"1,964,518","29,529","49,113",+55%,Off Track,Aditi
24 Aug 2026,2026-08-24,CUET and UG Entrance,0,"305,073","923,951","102,039","1,025,990","1,815,213","1,500,000",68%,"474,010","19,731","11,850",-32%,On Track,#N/A
24 Aug 2026,2026-08-24,Banking Exams,0,"461,215","989,734","11,238","1,000,972","1,770,950","2,700,000",37%,"1,699,028","19,249","42,476",+331%,Off Track,Shemaila
24 Aug 2026,2026-08-24,IAS Prep,"23,403","393,313","998,924",329,"999,253","1,767,909","4,500,000",22%,"3,500,747","19,216","87,519",+90%,Off Track,#N/A
24 Aug 2026,2026-08-24,SSC Exams,0,"359,990","986,964",0,"986,964","1,746,167","6,500,000",15%,"5,513,036","18,980","137,826",-38%,Off Track,Somya
24 Aug 2026,2026-08-24,Others,0,"255,557","459,821",0,"459,821","813,529","1,000,000",46%,"540,179","8,843","13,504",+423%,Off Track,Falguni
24 Aug 2026,2026-08-24,State PSC,0,"93,948","305,924",0,"305,924","541,250","1,200,000",25%,"894,076","5,883","22,352",+22%,Off Track,Trishala
24 Aug 2026,2026-08-24,UGC NET,0,"106,961","287,994","1,524","289,518","512,224","1,500,000",19%,"1,210,482","5,568","30,262",+19%,Off Track,Lehron
24 Aug 2026,2026-08-24,AE/JE Prep,"5,371","94,774","224,142",0,"224,142","396,559","1,000,000",22%,"775,858","4,310","19,396",+407%,Off Track,Lehron
24 Aug 2026,2026-08-24,UGC Prep,"2,044","30,986","146,977","1,673","148,650","262,996",—,—,—,"2,859",—,+3%,No Target,Lehron
24 Aug 2026,2026-08-24,Insurance Exam,0,"32,777","107,137",5,"107,142","189,559","550,000",19%,"442,858","2,060","11,071",+235%,Off Track,Mohit
24 Aug 2026,2026-08-24,K12,0,"41,772","85,020",0,"85,020","150,420","4,000,000",2%,"3,914,980","1,635","97,875",-84%,Off Track,#N/A
24 Aug 2026,2026-08-24,UPSC Civil Services,0,"20,315","7,517","54,795","62,312","110,244","4,500,000",1%,"4,437,688","1,198","110,942",+205%,Off Track,Manicka
24 Aug 2026,2026-08-24,Regulatory Exams,0,"4,944","29,884",3,"29,887","52,877","650,000",5%,"620,113",575,"15,503",-80%,Off Track,#N/A
24 Aug 2026,2026-08-24,MBA Entrance Exam,0,"4,134","5,711",532,"6,243","11,045","150,000",4%,"143,757",120,"3,594",-90%,Off Track,#N/A
31 Aug 2026,2026-08-31,Over All,"629,878","24,483,712","57,018,645",0,"57,018,645","88,910,429","15,000,000",380%,0,"966,418",0,—,On Track,Category Owner
31 Aug 2026,2026-08-31,Railway Exams,"35,383","2,368,862","4,775,363","184,465","4,959,828","7,733,969","6,000,000",83%,"1,040,172","84,065","31,520",+151%,On Track,Nadeem
31 Aug 2026,2026-08-31,Teaching Exams,"31,177","1,155,568","2,447,649","113,029","2,560,678","3,992,922","5,500,000",47%,"2,939,322","43,401","89,070",+146%,Off Track,Shilpa
31 Aug 2026,2026-08-31,State Govt Exams,"17,263","867,977","2,170,125","87,472","2,257,597","3,520,321","5,500,000",41%,"3,242,403","38,264","98,255",+57%,Off Track,Archita
31 Aug 2026,2026-08-31,Defence Exams,"15,506","593,197","2,133,226","74,552","2,207,778","3,442,637","2,500,000",88%,"292,222","37,420","8,855",+97%,On Track,Atul
31 Aug 2026,2026-08-31,Engineering Recruitment Exams,"21,565","942,920","1,881,413","19,070","1,900,483","2,963,465","4,000,000",48%,"2,099,517","32,212","63,622",+433%,Off Track,Mohit
31 Aug 2026,2026-08-31,Police Exams,"8,450","664,826","1,637,304","10,585","1,647,889","2,569,590","3,500,000",47%,"1,852,111","27,930","56,125",+49%,Off Track,Aditi
31 Aug 2026,2026-08-31,Banking Exams,"58,292","768,298","1,293,177","14,878","1,308,055","2,039,679","2,700,000",48%,"1,391,945","22,170","42,180",+353%,Off Track,Shemaila
31 Aug 2026,2026-08-31,IAS Prep,"23,403","524,915","1,157,170",366,"1,157,536","1,804,971","4,500,000",26%,"3,342,464","19,619","101,287",+101%,Off Track,#N/A
31 Aug 2026,2026-08-31,SSC Exams,"11,887","506,262","1,133,236",0,"1,133,236","1,767,080","6,500,000",17%,"5,366,764","19,207","162,629",-37%,Off Track,Somya
31 Aug 2026,2026-08-31,CUET and UG Entrance,"5,865","386,066","1,004,944","102,039","1,106,983","1,726,143","1,500,000",74%,"393,017","18,762","11,910",-35%,On Track,#N/A
31 Aug 2026,2026-08-31,Others,"12,461","409,272","613,536",0,"613,536","956,700","1,000,000",61%,"386,464","10,399","11,711",+517%,Watch,Falguni
31 Aug 2026,2026-08-31,UGC NET,"25,640","168,237","349,262","1,532","350,794","547,001","1,500,000",23%,"1,149,206","5,946","34,824",+16%,Off Track,Lehron
31 Aug 2026,2026-08-31,State PSC,"3,003","130,112","342,088",0,"342,088","533,425","1,200,000",29%,"857,912","5,798","25,997",+22%,Off Track,Trishala
31 Aug 2026,2026-08-31,AE/JE Prep,"5,371","125,261","250,478",0,"250,478","390,576","1,000,000",25%,"749,522","4,245","22,713",+403%,Off Track,Lehron
31 Aug 2026,2026-08-31,Insurance Exam,"1,533","85,539","159,844",60,"159,904","249,342","550,000",29%,"390,096","2,710","11,821",+377%,Off Track,Mohit
31 Aug 2026,2026-08-31,UGC Prep,"2,044","56,139","155,186","1,701","156,887","244,637",—,—,—,"2,659",—,+1%,No Target,Lehron
31 Aug 2026,2026-08-31,K12,"2,039","55,232","98,480",0,"98,480","153,562","4,000,000",2%,"3,901,520","1,669","118,228",-82%,Off Track,#N/A
31 Aug 2026,2026-08-31,UPSC Civil Services,207,"22,335","9,537","54,795","64,332","100,314","4,500,000",1%,"4,435,668","1,090","134,414",-8%,Off Track,Manicka
31 Aug 2026,2026-08-31,Regulatory Exams,"6,462","24,145","49,078",10,"49,088","76,544","650,000",8%,"600,912",832,"18,209",-68%,Off Track,#N/A
31 Aug 2026,2026-08-31,MBA Entrance Exam,41,"4,819","6,396",532,"6,928","10,803","150,000",5%,"143,072",117,"4,336",-90%,Off Track,#N/A