Report Date,Logged On,Category,Keyword,Clicks,Impressions,Avg Position
24 Aug 2026,2026-08-24,Defence Exams,aoc recruitment 2026,451,"13,622",4.6
24 Aug 2026,2026-08-24,Defence Exams,aoc recruitment 2026 apply online date,541,"7,810",3.2
24 Aug 2026,2026-08-24,Defence Exams,army aoc recruitment 2026 apply online,192,"3,989",3.8
24 Aug 2026,2026-08-24,Defence Exams,aoc recruitment,153,"2,938",4.8
24 Aug 2026,2026-08-24,Defence Exams,army ordnance corps recruitment 2026,281,"2,186",3.1
24 Aug 2026,2026-08-24,Engineering Recruitment Exams,rcfl recruitment 2026,57,895,3.7
24 Aug 2026,2026-08-24,SSC Exams,ssc cgl exam date 2026,481,"13,793",2.9
24 Aug 2026,2026-08-24,SSC Exams,ssc cgl 2026 exam date,371,"9,245",3.5
24 Aug 2026,2026-08-24,SSC Exams,ssc cgl,161,"5,536",3.6
24 Aug 2026,2026-08-24,SSC Exams,ssc gov in,11,"2,989",4.2
24 Aug 2026,2026-08-24,SSC Exams,ssc cgl exam date,177,"2,630",2.3
24 Aug 2026,2026-08-24,Railway Exams,rrb group d admit card,"1,100","13,251",5.8
24 Aug 2026,2026-08-24,Railway Exams,group d admit card,357,"4,524",4.8
24 Aug 2026,2026-08-24,Railway Exams,rrb group d exam date 2026,176,"4,454",3.6
24 Aug 2026,2026-08-24,Railway Exams,rrb group d admit card 2026,393,"3,770",5.7
24 Aug 2026,2026-08-24,Railway Exams,group d admit card target course,130,"2,739",4.8
24 Aug 2026,2026-08-24,Banking Exams,ibps,192,"11,381",4
24 Aug 2026,2026-08-24,Banking Exams,aai recruitment 2026,298,"6,870",2.9
24 Aug 2026,2026-08-24,Banking Exams,ibps po prelims exam analysis,94,"6,681",4.1
24 Aug 2026,2026-08-24,Banking Exams,sbi clerk apply,319,"6,641",5.6
24 Aug 2026,2026-08-24,Banking Exams,"ibps clerk: 11,403 पदों पर आवेदन का मौका अब 28 अगस्त तक उपलब्ध है",70,"6,461",2.2
24 Aug 2026,2026-08-24,Insurance Exam,nicl assistant admit card,568,"2,051",2.1
24 Aug 2026,2026-08-24,Insurance Exam,nicl assistant recruitment 2026,45,895,6
24 Aug 2026,2026-08-24,Police Exams,tslprb,29,"3,973",3.8
24 Aug 2026,2026-08-24,Police Exams,delhi police recruitment,23,"2,011",4.8
24 Aug 2026,2026-08-24,Police Exams,mp police vacancy 2026,66,788,1.8
24 Aug 2026,2026-08-24,Police Exams,gprb,8,634,4.6
24 Aug 2026,2026-08-24,Police Exams,tslprb notification 2026,34,524,2.8
24 Aug 2026,2026-08-24,State PSC,uppsc,36,"5,574",4.4
24 Aug 2026,2026-08-24,State PSC,mppsc,9,"1,466",8.2
24 Aug 2026,2026-08-24,Teaching Exams,ctet,173,"12,189",4.9
24 Aug 2026,2026-08-24,Teaching Exams,ctet exam date 2026,164,"10,384",4
24 Aug 2026,2026-08-24,Teaching Exams,केन्द्रीय शिक्षक पात्रता परीक्षा,27,"6,168",6.3
24 Aug 2026,2026-08-24,Teaching Exams,ctet 2026,58,"3,487",4.2
24 Aug 2026,2026-08-24,Teaching Exams,pavitra portal,5,"2,612",5.2
24 Aug 2026,2026-08-24,UGC NET,make a study guide for cost curve and demand-supply so i can prepare for my exams starting in a month,596,"248,639",2.8
24 Aug 2026,2026-08-24,UGC NET,ugc net answer key 2026,28,641,5.4
24 Aug 2026,2026-08-24,UGC NET,make+a+study+guide+for+cost+curve+and+demand-supply+so+i+can+prepare+for+my+exams+starting+in+a+month,1,550,4.3
24 Aug 2026,2026-08-24,UGC NET,what is a web browser,0,540,10.6
24 Aug 2026,2026-08-24,UP Gov. Exam,upsssc,95,"48,905",4
24 Aug 2026,2026-08-24,UP Gov. Exam,upsssc pet,32,"9,943",6
24 Aug 2026,2026-08-24,UP Gov. Exam,upsssc pet 2026,48,"8,759",4.7
24 Aug 2026,2026-08-24,UP Gov. Exam,pet exam date 2026,14,"1,720",5.3
24 Aug 2026,2026-08-24,UP Gov. Exam,pet online form,10,"1,473",5.2
24 Aug 2026,2026-08-24,UPSC Civil Services,upsc,11,530,7.5
24 Aug 2026,2026-08-24,Rajasthan Exams,sarkari results 4th grade result,0,"2,079",5.7
24 Aug 2026,2026-08-24,Rajasthan Exams,cet exam date 2026,31,"1,010",4.6
24 Aug 2026,2026-08-24,Rajasthan Exams,vidyut vibhag ldc vacancy 2026,36,754,6.3
24 Aug 2026,2026-08-24,Punjab Exams,psssb clerk recruitment 2026,18,623,5.2
24 Aug 2026,2026-08-24,UGC Prep,make a study guide for cost curve and demand-supply so i can prepare for my exams starting in a month,596,"248,639",2.8
24 Aug 2026,2026-08-24,UGC Prep,make+a+study+guide+for+cost+curve+and+demand-supply+so+i+can+prepare+for+my+exams+starting+in+a+month,1,550,4.3
24 Aug 2026,2026-08-24,UGC Prep,what is a web browser,0,540,10.6
24 Aug 2026,2026-08-24,IAS Prep,एल नीनो,29,"14,928",5.2
24 Aug 2026,2026-08-24,IAS Prep,assam meghalaya border,9,"6,609",7.7
24 Aug 2026,2026-08-24,IAS Prep,indian sex ratio 2026,53,"1,790",3.6
24 Aug 2026,2026-08-24,IAS Prep,anthropology meaning,1,946,9.8
24 Aug 2026,2026-08-24,IAS Prep,chandrayaan 3 launch date,1,759,8.8
31 Aug 2026,2026-08-31,Defence Exams,aoc recruitment 2026,205,"7,535",5.5
31 Aug 2026,2026-08-31,Defence Exams,aoc recruitment 2026 apply online date,141,"5,457",5.2
31 Aug 2026,2026-08-31,Defence Exams,aoc recruitment,115,"3,704",4.4
31 Aug 2026,2026-08-31,Defence Exams,army aoc recruitment 2026 apply online,94,"2,740",4.1
31 Aug 2026,2026-08-31,Defence Exams,crpf tradesman physical date 2026,149,"2,150",1.7
31 Aug 2026,2026-08-31,Haryana Exams,punjab and haryana high court,7,714,6.6
31 Aug 2026,2026-08-31,SSC Exams,ssc cgl exam date 2026,771,"13,714",2.3
31 Aug 2026,2026-08-31,SSC Exams,ssc cgl 2026 exam date,417,"8,911",2.9
31 Aug 2026,2026-08-31,SSC Exams,ssc cgl,77,"4,430",5.8
31 Aug 2026,2026-08-31,SSC Exams,ssc gd result 2026,36,"3,335",5.4
31 Aug 2026,2026-08-31,SSC Exams,ssc cgl exam date,129,"2,760",3
31 Aug 2026,2026-08-31,Railway Exams,rrb je 2026 notification,358,"2,667",1.2
31 Aug 2026,2026-08-31,Railway Exams,rrb group d answer key 2026,206,"2,374",3.7
31 Aug 2026,2026-08-31,Railway Exams,rrb je,97,"2,356",4.3
31 Aug 2026,2026-08-31,Railway Exams,crpf tradesman physical date 2026,149,"2,150",1.7
31 Aug 2026,2026-08-31,Railway Exams,crpf,29,"1,940",8.3
31 Aug 2026,2026-08-31,Banking Exams,sbi clerk apply,286,"22,538",7.6
31 Aug 2026,2026-08-31,Banking Exams,sbi clerk apply online,165,"7,711",7.5
31 Aug 2026,2026-08-31,Banking Exams,sbi po prelims result 2026,281,"7,160",5.6
31 Aug 2026,2026-08-31,Banking Exams,aai recruitment 2026,75,"7,029",9
31 Aug 2026,2026-08-31,Banking Exams,sbi clerk last date to apply,102,"6,034",4.8
31 Aug 2026,2026-08-31,Regulatory Exams,rbi assistant prelims scorecard,77,976,2
31 Aug 2026,2026-08-31,Regulatory Exams,rbi assistant score card,252,680,2
31 Aug 2026,2026-08-31,MP Govt Exams,mpesb,3,501,6.5
31 Aug 2026,2026-08-31,Odisha Gov. Exam,osssc,53,"6,803",3.7
31 Aug 2026,2026-08-31,Police Exams,tslprb,57,"5,071",2.3
31 Aug 2026,2026-08-31,Police Exams,ksp recruitment 2026,76,"1,697",4.7
31 Aug 2026,2026-08-31,Police Exams,gprb,8,910,4.1
31 Aug 2026,2026-08-31,Police Exams,mp police vacancy 2026,79,771,1.8
31 Aug 2026,2026-08-31,Police Exams,bihar home guard vacancy 2026,64,623,1.5
31 Aug 2026,2026-08-31,State PSC,uppsc,22,"4,661",4.8
31 Aug 2026,2026-08-31,State PSC,kas application,11,694,6.3
31 Aug 2026,2026-08-31,State PSC,group 1 exam date 2026,22,515,2
31 Aug 2026,2026-08-31,Teaching Exams,ctet exam date 2026,253,"30,973",4
31 Aug 2026,2026-08-31,Teaching Exams,ctet,145,"29,766",5.5
31 Aug 2026,2026-08-31,Teaching Exams,ctet 2026,86,"14,117",6.1
31 Aug 2026,2026-08-31,Teaching Exams,ctet exam date,33,"4,957",4.3
31 Aug 2026,2026-08-31,Teaching Exams,kset application 2026,57,"3,698",1.5
31 Aug 2026,2026-08-31,UGC NET,make a study guide for cost curve and demand-supply so i can prepare for my exams starting in a month,269,"38,851",2.8
31 Aug 2026,2026-08-31,UGC NET,ugc net result,25,"3,520",8.6
31 Aug 2026,2026-08-31,UGC NET,ugc net result 2026,78,"3,389",7.5
31 Aug 2026,2026-08-31,UGC NET,ugc net,34,"2,985",7.6
31 Aug 2026,2026-08-31,UGC NET,net result 2026,35,"1,201",7.8
31 Aug 2026,2026-08-31,UP Gov. Exam,upsssc,476,"95,062",3.3
31 Aug 2026,2026-08-31,UP Gov. Exam,upsssc pet,"1,829","79,059",2.9
31 Aug 2026,2026-08-31,UP Gov. Exam,upsssc pet 2026,209,"29,472",4.5
31 Aug 2026,2026-08-31,UP Gov. Exam,pet online form,35,"4,629",5.5
31 Aug 2026,2026-08-31,UP Gov. Exam,pet exam date 2026,71,"3,801",4.9
31 Aug 2026,2026-08-31,UPSC Civil Services,upsc,16,"1,566",7.1
31 Aug 2026,2026-08-31,Rajasthan Exams,sarkari results 4th grade result,0,"1,001",5.8
31 Aug 2026,2026-08-31,Rajasthan Exams,rpsc,1,872,5.7
31 Aug 2026,2026-08-31,Rajasthan Exams,cet exam date 2026,11,740,4.2
31 Aug 2026,2026-08-31,Punjab Exams,education recruitment board,49,"1,172",4
31 Aug 2026,2026-08-31,Punjab Exams,erd. punjab. gov. in,27,"1,053",3.4
31 Aug 2026,2026-08-31,Punjab Exams,psssb clerk recruitment 2026,22,605,4.6
31 Aug 2026,2026-08-31,Punjab Exams,lecturer cadre exam date 2026 punjab,53,528,2.1
31 Aug 2026,2026-08-31,UGC Prep,make a study guide for cost curve and demand-supply so i can prepare for my exams starting in a month,269,"38,851",2.8
31 Aug 2026,2026-08-31,IAS Prep,एकीकृत भुगतान अन्तरापृष्ठ,38,"17,135",7.3
31 Aug 2026,2026-08-31,IAS Prep,glacier kya hota hai,0,"1,259",7.7
31 Aug 2026,2026-08-31,IAS Prep,census 2027,1,"1,232",1
31 Aug 2026,2026-08-31,IAS Prep,ias full form,1,955,5.9
31 Aug 2026,2026-08-31,IAS Prep,anthropology meaning,0,896,10.3